{"cameraMode":{"drawMode":0,"name":"Shaded","section":"Shading Mode"},"sceneLighting":false,"audioPlay":false,"sceneViewState":{"m_AlwaysRefresh":false,"showFog":true,"showSkybox":false,"showFlares":true,"showImageEffects":true,"showParticleSystems":true,"showVisualEffectGraphs":true,"m_FxEnabled":true},"in2DMode":false,"pivot":{"x":16.553436279296876,"y":2.3737616539001467,"z":18.99385643005371},"rotation":{"x":-0.014380097389221192,"y":0.9727694988250732,"z":-0.22264297306537629,"w":-0.06283080577850342},"size":1.3656781911849976,"orthographic":true}