{"cameraMode":{"drawMode":0,"name":"Shaded","section":"Shading Mode"},"sceneLighting":false,"audioPlay":false,"sceneViewState":{"m_AlwaysRefresh":false,"showFog":true,"showSkybox":false,"showFlares":true,"showImageEffects":true,"showParticleSystems":true,"showVisualEffectGraphs":true,"m_FxEnabled":true},"in2DMode":false,"pivot":{"x":0.1571613997220993,"y":0.2141111046075821,"z":-0.06221261993050575},"rotation":{"x":-0.1080833375453949,"y":0.8132982850074768,"z":-0.16011877357959748,"w":-0.5489173531532288},"size":0.36220863461494448,"orthographic":false}