{"cameraMode":{"drawMode":0,"name":"Shaded","section":"Shading Mode"},"sceneLighting":true,"audioPlay":false,"sceneViewState":{"m_AlwaysRefresh":false,"showFog":true,"showSkybox":true,"showFlares":true,"showImageEffects":true,"showParticleSystems":true,"showVisualEffectGraphs":true,"m_FxEnabled":true},"in2DMode":false,"pivot":{"x":51.134464263916019,"y":10.664542198181153,"z":2.5386533737182619},"rotation":{"x":0.08564620465040207,"y":-0.630659282207489,"z":0.07123447954654694,"w":0.7683584690093994},"size":4.395068168640137,"orthographic":false}