{"cameraMode":{"drawMode":0,"name":"Shaded","section":"Shading Mode"},"sceneLighting":false,"audioPlay":false,"sceneViewState":{"m_AlwaysRefresh":false,"showFog":true,"showSkybox":false,"showFlares":true,"showImageEffects":true,"showParticleSystems":true,"showVisualEffectGraphs":true,"m_FxEnabled":true},"in2DMode":false,"pivot":{"x":-0.0017873719334602357,"y":0.6948917508125305,"z":-0.09448558837175369},"rotation":{"x":-0.1080833375453949,"y":0.8132982850074768,"z":-0.16011877357959748,"w":-0.5489173531532288},"size":0.1759423315525055,"orthographic":false}